F_Id,F_UserId,F_UserPassword,F_UserSecretkey,F_AllowStartTime,F_AllowEndTime,F_LockStartDate,F_LockEndDate,F_FirstVisitTime,F_PreviousVisitTime,F_LastVisitTime,F_ChangePasswordDate,F_MultiUserLogin,F_LogOnCount,F_UserOnLine,F_Question,F_AnswerQuestion,F_CheckIPAddress,F_Language,F_Theme
6903ab9d-20cd-44c4-a380-09f229366e1f,6903ab9d-20cd-44c4-a380-09f229366e1f,de54ef2d07c608096fddb77a27c5f126,95aa29b12cf25d9a,,,,,,2016/7/26 13:59,2016/7/27 17:33,,,7,,,,,,
38c9c1e6-7b89-4aed-b782-4cbf082a4b72,38c9c1e6-7b89-4aed-b782-4cbf082a4b72,de54ef2d07c608096fddb77a27c5f126,22a6e8e5d2c06c7b,,,,,,,,,,,,,,,,
b26e59b9-2456-4038-b601-26e8a225e663,b26e59b9-2456-4038-b601-26e8a225e663,de54ef2d07c608096fddb77a27c5f126,d620d7289fcf3ac5,,,,,,,,,,,,,,,,
200cab1a-30df-4cdf-a9a5-258b882a23e7,200cab1a-30df-4cdf-a9a5-258b882a23e7,de54ef2d07c608096fddb77a27c5f126,befa401790768013,,,,,,,,,,,,,,,,
a9450c22-926d-4afa-ae3b-2c8602762a81,a9450c22-926d-4afa-ae3b-2c8602762a81,de54ef2d07c608096fddb77a27c5f126,9792122be7a281e2,,,,,,,,,,,,,,,,
47a95b17-ff8b-46f9-99a4-02a7e6a53550,47a95b17-ff8b-46f9-99a4-02a7e6a53550,de54ef2d07c608096fddb77a27c5f126,c8f011c890e89304,,,,,,,,,,,,,,,,
ca40ef7c-88b0-46c9-910d-f9bfbc1d7968,ca40ef7c-88b0-46c9-910d-f9bfbc1d7968,de54ef2d07c608096fddb77a27c5f126,8e7de29e0055247c,,,,,,,,,,,,,,,,
da01cfbe-7094-4573-bf46-c895ba71a28b,da01cfbe-7094-4573-bf46-c895ba71a28b,de54ef2d07c608096fddb77a27c5f126,3bca1d393861e85e,,,,,,,,,,,,,,,,
1ddf560b-c18e-48d4-b132-f90eb7475741,1ddf560b-c18e-48d4-b132-f90eb7475741,de54ef2d07c608096fddb77a27c5f126,453cc3b4dfbeefb8,,,,,,,,,,,,,,,,
b7d73ca6-9c1c-478f-a1f0-9e02bae69872,b7d73ca6-9c1c-478f-a1f0-9e02bae69872,de54ef2d07c608096fddb77a27c5f126,237e5b6c90d22292,,,,,,,,,,,,,,,,
9798d1b6-2ad2-4228-8c1a-6d3107120e29,9798d1b6-2ad2-4228-8c1a-6d3107120e29,de54ef2d07c608096fddb77a27c5f126,76656cf041d76ec7,,,,,,,,,,,,,,,,
547be453-cbdc-44d1-a6e5-9852cb044e4a,547be453-cbdc-44d1-a6e5-9852cb044e4a,de54ef2d07c608096fddb77a27c5f126,a69007a0d0908f26,,,,,,,,,,,,,,,,
75b2c660-c5f8-41f7-980c-d979e8ec9eaa,75b2c660-c5f8-41f7-980c-d979e8ec9eaa,de54ef2d07c608096fddb77a27c5f126,d38c267eade238e8,,,,,,,,,,,,,,,,
06484cd2-d16f-4038-ae91-7431b126930d,06484cd2-d16f-4038-ae91-7431b126930d,de54ef2d07c608096fddb77a27c5f126,85632081fca56d83,,,,,,,,,,,,,,,,
d9bc1853-61aa-48c9-96a4-a8b1075a82ae,d9bc1853-61aa-48c9-96a4-a8b1075a82ae,de54ef2d07c608096fddb77a27c5f126,f49939dbc67bea34,,,,,,,,,,,,,,,,
40075d85-1b80-4da3-b061-76b7b1edb16e,40075d85-1b80-4da3-b061-76b7b1edb16e,de54ef2d07c608096fddb77a27c5f126,42dc0f5d1e6618b4,,,,,,,,,,,,,,,,
cdf5ba74-9751-4808-8893-0100dd188197,cdf5ba74-9751-4808-8893-0100dd188197,de54ef2d07c608096fddb77a27c5f126,2340149e633316e9,,,,,,,,,,,,,,,,
833ad021-6ccc-4db0-8017-5021f5327260,833ad021-6ccc-4db0-8017-5021f5327260,de54ef2d07c608096fddb77a27c5f126,037f37856f2b1ee2,,,,,,,,,,,,,,,,
6a1e3bb6-49c2-4d64-becc-e5644678178f,6a1e3bb6-49c2-4d64-becc-e5644678178f,de54ef2d07c608096fddb77a27c5f126,1013e016334d869b,,,,,,,,,,,,,,,,
8b269fcf-9f22-4d32-a269-cabdac469749,8b269fcf-9f22-4d32-a269-cabdac469749,de54ef2d07c608096fddb77a27c5f126,9f7e199fdcadbead,,,,,,,,,,,,,,,,
07491670-be4a-4bb3-8a12-c8a0ce3c52cd,07491670-be4a-4bb3-8a12-c8a0ce3c52cd,de54ef2d07c608096fddb77a27c5f126,df3add4ceb7bab18,,,,,,,,,,,,,,,,
cf3af1b8-d2ce-4f2f-88f3-5838a77f83c7,cf3af1b8-d2ce-4f2f-88f3-5838a77f83c7,de54ef2d07c608096fddb77a27c5f126,62459fe053b074e5,,,,,,,,,,,,,,,,
158fa76f-1d82-4a38-a4e2-624239355b4d,158fa76f-1d82-4a38-a4e2-624239355b4d,de54ef2d07c608096fddb77a27c5f126,6d1319bd4e9af5cb,,,,,,,,,,,,,,,,
acb39d47-8860-49a0-abc0-a21d016c2fff,acb39d47-8860-49a0-abc0-a21d016c2fff,de54ef2d07c608096fddb77a27c5f126,51d8595d7ad0e06e,,,,,,,,,,,,,,,,
13f9bb09-6db1-4932-acdd-36cfc39ce1a3,13f9bb09-6db1-4932-acdd-36cfc39ce1a3,de54ef2d07c608096fddb77a27c5f126,df4c2b0291d80edf,,,,,,,,,,,,,,,,
0f0ff3de-688c-4370-8a79-15637ed3b20c,0f0ff3de-688c-4370-8a79-15637ed3b20c,de54ef2d07c608096fddb77a27c5f126,cdeb1bcfc08d7793,,,,,,,,,,,,,,,,
4c8909b9-3ddb-4855-baa4-82edc2e3a5c1,4c8909b9-3ddb-4855-baa4-82edc2e3a5c1,de54ef2d07c608096fddb77a27c5f126,470ff07e581fc520,,,,,,,,,,,,,,,,
2b33a324-5548-4d29-9030-d788f7c257fb,2b33a324-5548-4d29-9030-d788f7c257fb,de54ef2d07c608096fddb77a27c5f126,4dbd25f69a0884bb,,,,,,,,,,,,,,,,
b0529548-bbea-4aa6-8ed2-446033c4d90f,b0529548-bbea-4aa6-8ed2-446033c4d90f,de54ef2d07c608096fddb77a27c5f126,6a9dac041b8efc10,,,,,,,,,,,,,,,,
9caa1edf-0e06-4481-ab50-139949046e24,9caa1edf-0e06-4481-ab50-139949046e24,de54ef2d07c608096fddb77a27c5f126,5ec364d8c8b0b203,,,,,,,,,,,,,,,,
f13edee1-43b5-4cac-930f-f7350ec1a473,f13edee1-43b5-4cac-930f-f7350ec1a473,de54ef2d07c608096fddb77a27c5f126,e5cec574123565ef,,,,,,,,,,,,,,,,
79756b91-ea5b-4d28-9b46-dd192bb67895,79756b91-ea5b-4d28-9b46-dd192bb67895,de54ef2d07c608096fddb77a27c5f126,2c1a584d6a031216,,,,,,,,,,,,,,,,
32585483-5534-4690-bc20-1b509e737f9c,32585483-5534-4690-bc20-1b509e737f9c,de54ef2d07c608096fddb77a27c5f126,f97168084920407b,,,,,,,,,,,,,,,,
a8d1b2a1-b4f7-43c8-9750-226f00108bc9,a8d1b2a1-b4f7-43c8-9750-226f00108bc9,de54ef2d07c608096fddb77a27c5f126,cd8b4b140dc1b331,,,,,,,,,,,,,,,,
45951653-bd26-482f-a1b5-4ac6c8b7be7b,45951653-bd26-482f-a1b5-4ac6c8b7be7b,de54ef2d07c608096fddb77a27c5f126,65c9a176b1da85cf,,,,,,,,,,,,,,,,
2fd34599-042a-4caf-a98b-bd227ab6be0f,2fd34599-042a-4caf-a98b-bd227ab6be0f,de54ef2d07c608096fddb77a27c5f126,e4e931d0634b287b,,,,,,,,,,,,,,,,
caf2caf9-3982-4c88-b29b-2a86b72dc325,caf2caf9-3982-4c88-b29b-2a86b72dc325,de54ef2d07c608096fddb77a27c5f126,ebee9b7457804995,,,,,,,,,,,,,,,,
318ba1e7-f4fa-4d88-869c-aa6e4f8c961c,318ba1e7-f4fa-4d88-869c-aa6e4f8c961c,de54ef2d07c608096fddb77a27c5f126,53fa1546ee62e5c3,,,,,,,,,,,,,,,,
50eab71b-bf70-4037-9a57-8fdff44cffe3,50eab71b-bf70-4037-9a57-8fdff44cffe3,de54ef2d07c608096fddb77a27c5f126,fb58d08dbf0a850b,,,,,,,,,,,,,,,,
e9dc99ca-b015-47ba-a00e-62d1f98bdb1a,e9dc99ca-b015-47ba-a00e-62d1f98bdb1a,de54ef2d07c608096fddb77a27c5f126,738c8b94f8a36c8c,,,,,,,,,,,,,,,,
f2adf10a-cb2c-417a-a1c5-d4c9c57fc5ef,f2adf10a-cb2c-417a-a1c5-d4c9c57fc5ef,de54ef2d07c608096fddb77a27c5f126,f2dbc5e6ed47d50b,,,,,,,,,,,,,,,,
ca57fe20-926d-47b2-a3f2-664a5d1da7ce,ca57fe20-926d-47b2-a3f2-664a5d1da7ce,de54ef2d07c608096fddb77a27c5f126,99cde48cd58264b1,,,,,,,,,,,,,,,,
ba637dd7-7fd7-418b-a81f-238cc59adc76,ba637dd7-7fd7-418b-a81f-238cc59adc76,de54ef2d07c608096fddb77a27c5f126,4cb9204ebaa0e7b0,,,,,,,,,,,,,,,,
2365e142-9fc9-4837-9be4-5587a07a735f,2365e142-9fc9-4837-9be4-5587a07a735f,de54ef2d07c608096fddb77a27c5f126,b141d6cbdd446b58,,,,,,,,,,,,,,,,
c8c1fa94-f14d-4ccf-bd67-ad97f787d375,c8c1fa94-f14d-4ccf-bd67-ad97f787d375,de54ef2d07c608096fddb77a27c5f126,a47a61679e14887b,,,,,,,,,,,,,,,,
b735ad6a-ba26-4cb8-84cf-07d0c38ac921,b735ad6a-ba26-4cb8-84cf-07d0c38ac921,de54ef2d07c608096fddb77a27c5f126,66121148a5250685,,,,,,,,,,,,,,,,
0090a476-68eb-4b79-ac6c-8fd3c0ff6c89,0090a476-68eb-4b79-ac6c-8fd3c0ff6c89,de54ef2d07c608096fddb77a27c5f126,ae12fea3ae77e517,,,,,,,,,,,,,,,,
6c19b537-f44d-4612-b9b0-647cf8672bce,6c19b537-f44d-4612-b9b0-647cf8672bce,de54ef2d07c608096fddb77a27c5f126,1e4c4ce01eb7d910,,,,,,,,,,,,,,,,
2664b7a9-6a45-40a2-85e0-ea27887b74bb,2664b7a9-6a45-40a2-85e0-ea27887b74bb,de54ef2d07c608096fddb77a27c5f126,11e4becdd232e389,,,,,,,,,,,,,,,,
cbe6b2fb-7195-4d3a-86b6-ce2dc2d10eea,cbe6b2fb-7195-4d3a-86b6-ce2dc2d10eea,de54ef2d07c608096fddb77a27c5f126,c0a7dd6d91f8b12c,,,,,,,,,,,,,,,,
2016da68-e116-43d8-9d06-6ea19c559220,2016da68-e116-43d8-9d06-6ea19c559220,de54ef2d07c608096fddb77a27c5f126,6ea5646db7ef0060,,,,,,,,,,,,,,,,
f5c9d584-e4d6-4c28-a145-bf98a08c80f0,f5c9d584-e4d6-4c28-a145-bf98a08c80f0,de54ef2d07c608096fddb77a27c5f126,0c8c87c1b52379d3,,,,,,,,,,,,,,,,
395d6e38-0e60-4256-b1cc-072c83adec6c,395d6e38-0e60-4256-b1cc-072c83adec6c,de54ef2d07c608096fddb77a27c5f126,736f1be1c2d1e6b5,,,,,,,,,,,,,,,,
3ed28896-e246-4301-908f-2dfbcf92b33b,3ed28896-e246-4301-908f-2dfbcf92b33b,de54ef2d07c608096fddb77a27c5f126,89948d57372b8a89,,,,,,,,,,,,,,,,
e1674f45-4aed-44b8-83d4-fb5373f8ee69,e1674f45-4aed-44b8-83d4-fb5373f8ee69,de54ef2d07c608096fddb77a27c5f126,465292405abd0f41,,,,,,,,,,,,,,,,
daaf6f40-a1a1-4cfd-ab82-8c7d0ed3bad7,daaf6f40-a1a1-4cfd-ab82-8c7d0ed3bad7,de54ef2d07c608096fddb77a27c5f126,9d6ef533b1b25af5,,,,,,,,,,,,,,,,
e371171e-ee64-4fea-9f5d-4e90f4e668cc,e371171e-ee64-4fea-9f5d-4e90f4e668cc,de54ef2d07c608096fddb77a27c5f126,08c002abe194214e,,,,,,,,,,,,,,,,
0d796336-aefe-4012-8294-89a54dce6b62,0d796336-aefe-4012-8294-89a54dce6b62,de54ef2d07c608096fddb77a27c5f126,9535de072ca868aa,,,,,,,,,,,,,,,,
4eee745e-97eb-470f-9372-605ded7f5917,4eee745e-97eb-470f-9372-605ded7f5917,de54ef2d07c608096fddb77a27c5f126,56ffcdda5d92f3b6,,,,,,,,,,,,,,,,
e0c34d25-ae43-46bc-b300-23c4fede6766,e0c34d25-ae43-46bc-b300-23c4fede6766,de54ef2d07c608096fddb77a27c5f126,431cefa829fbfcd1,,,,,,,,,,,,,,,,
5f1cb307-761f-4c27-bfb3-5571038e87d2,5f1cb307-761f-4c27-bfb3-5571038e87d2,de54ef2d07c608096fddb77a27c5f126,98c320aa480c303a,,,,,,,,,,,,,,,,
16c9ed0a-4eb8-49e0-b287-a7115c2066d6,16c9ed0a-4eb8-49e0-b287-a7115c2066d6,de54ef2d07c608096fddb77a27c5f126,a013e077c090743a,,,,,,,,,,,,,,,,
d0cd28eb-ffee-44f7-b130-070c31d8819b,d0cd28eb-ffee-44f7-b130-070c31d8819b,de54ef2d07c608096fddb77a27c5f126,f951b31dba32f0b2,,,,,,,,,,,,,,,,
812a57a4-5a53-4a52-9eb1-70b6f45ec4a5,812a57a4-5a53-4a52-9eb1-70b6f45ec4a5,de54ef2d07c608096fddb77a27c5f126,9d8816b6c7af1506,,,,,,,,,,,,,,,,
11c4a1c2-daec-439c-9ea0-fc2d5630c4cd,11c4a1c2-daec-439c-9ea0-fc2d5630c4cd,de54ef2d07c608096fddb77a27c5f126,3ecde57b16c010c6,,,,,,,,,,,,,,,,
24a54791-44fb-4fea-95a9-2ba21cf0d3a0,24a54791-44fb-4fea-95a9-2ba21cf0d3a0,de54ef2d07c608096fddb77a27c5f126,7eba983a2793541c,,,,,,,,,,,,,,,,
bbffd7f2-97d2-4bb4-a308-651171dbf6af,bbffd7f2-97d2-4bb4-a308-651171dbf6af,de54ef2d07c608096fddb77a27c5f126,a6b7fb7162c31626,,,,,,,,,,,,,,,,
b05535b3-0d4a-494d-8114-cad9e8e74133,b05535b3-0d4a-494d-8114-cad9e8e74133,de54ef2d07c608096fddb77a27c5f126,5dfc083c553e845a,,,,,,,,,,,,,,,,
833333a5-7020-4912-929f-10439423fe44,833333a5-7020-4912-929f-10439423fe44,de54ef2d07c608096fddb77a27c5f126,fcc50440bc46d307,,,,,,,,,,,,,,,,
549bc2c1-c791-45c1-9746-93c871078a03,549bc2c1-c791-45c1-9746-93c871078a03,de54ef2d07c608096fddb77a27c5f126,2b13936329567b4a,,,,,,,,,,,,,,,,
1c6fb8ad-cc89-414d-835d-1b5be789493d,1c6fb8ad-cc89-414d-835d-1b5be789493d,de54ef2d07c608096fddb77a27c5f126,c851b97c830d9e6e,,,,,,,,,,,,,,,,
0c642247-ebad-4976-ab06-3c7e78e6ad12,0c642247-ebad-4976-ab06-3c7e78e6ad12,de54ef2d07c608096fddb77a27c5f126,3ad87f3c21e389c4,,,,,,,,,,,,,,,,
702ea347-099f-4afd-a7a2-11091418fc50,702ea347-099f-4afd-a7a2-11091418fc50,de54ef2d07c608096fddb77a27c5f126,87c0dfb371059817,,,,,,,,,,,,,,,,
122b1e73-548d-429c-aa33-3e73635a7f44,122b1e73-548d-429c-aa33-3e73635a7f44,de54ef2d07c608096fddb77a27c5f126,75fc5ce76611f53f,,,,,,,,,,,,,,,,
d2967e93-4d8b-43d9-b9cb-9cd4a76ad28e,d2967e93-4d8b-43d9-b9cb-9cd4a76ad28e,de54ef2d07c608096fddb77a27c5f126,d7c9667347faf6fb,,,,,,,,,,,,,,,,
a9a27d8a-3543-4d3d-903e-71790b20dcd1,a9a27d8a-3543-4d3d-903e-71790b20dcd1,de54ef2d07c608096fddb77a27c5f126,faf940b39f608dad,,,,,,,,,,,,,,,,
763d5744-89ae-4497-ba19-79dba081646f,763d5744-89ae-4497-ba19-79dba081646f,de54ef2d07c608096fddb77a27c5f126,1c8aa2c9462416f9,,,,,,,,,,,,,,,,
9428af0b-bc25-429d-a646-ef54275191f3,9428af0b-bc25-429d-a646-ef54275191f3,de54ef2d07c608096fddb77a27c5f126,752854682fb3fd72,,,,,,,,,,,,,,,,
e2d42aae-d246-4495-b495-5fc1f7d778e9,e2d42aae-d246-4495-b495-5fc1f7d778e9,de54ef2d07c608096fddb77a27c5f126,5917c8bf1602358f,,,,,,,,,,,,,,,,
e7facbde-fe78-494b-be09-16931b646a79,e7facbde-fe78-494b-be09-16931b646a79,de54ef2d07c608096fddb77a27c5f126,5fc6af6c7efc92d6,,,,,,,,,,,,,,,,
f8eee1bb-f520-4ee9-b4f7-036fde68b3a2,f8eee1bb-f520-4ee9-b4f7-036fde68b3a2,de54ef2d07c608096fddb77a27c5f126,ecbbd97f6e56c16a,,,,,,,,,,,,,,,,
0e1ab5fb-93db-4f69-9d79-efaf3bb52129,0e1ab5fb-93db-4f69-9d79-efaf3bb52129,de54ef2d07c608096fddb77a27c5f126,9c12b323030fe547,,,,,,,,,,,,,,,,
965058ec-138a-4343-8b9b-4936bf2a271a,965058ec-138a-4343-8b9b-4936bf2a271a,de54ef2d07c608096fddb77a27c5f126,acde5b2b37d2c57f,,,,,,,,,,,,,,,,
6f533c8b-8d8b-4ea9-aa66-603c67a8120a,6f533c8b-8d8b-4ea9-aa66-603c67a8120a,de54ef2d07c608096fddb77a27c5f126,98efe2ea0e8d0a37,,,,,,,,,,,,,,,,
f2c898a7-c2b4-492f-8a32-dedcd6aa3ba6,f2c898a7-c2b4-492f-8a32-dedcd6aa3ba6,de54ef2d07c608096fddb77a27c5f126,cf1e0baf2022a1f2,,,,,,,,,,,,,,,,
f5229355-4943-4de7-a6c0-113b85b7d551,f5229355-4943-4de7-a6c0-113b85b7d551,de54ef2d07c608096fddb77a27c5f126,0d1608bd501940e0,,,,,,,,,,,,,,,,
596bd87a-ec5a-46e9-bd95-78392e41d6b1,596bd87a-ec5a-46e9-bd95-78392e41d6b1,de54ef2d07c608096fddb77a27c5f126,145cca43b48cb82a,,,,,,,,,,,,,,,,
300f8d40-ad2d-4f43-9fd4-937acc8029ed,300f8d40-ad2d-4f43-9fd4-937acc8029ed,de54ef2d07c608096fddb77a27c5f126,42ed8ef6f894da42,,,,,,,,,,,,,,,,
cc73f8a0-1f30-42a9-a52d-67fec237bf99,cc73f8a0-1f30-42a9-a52d-67fec237bf99,de54ef2d07c608096fddb77a27c5f126,09b897fcd4eab72b,,,,,,,,,,,,,,,,
c275ad72-c474-4807-864d-aba070e74789,c275ad72-c474-4807-864d-aba070e74789,de54ef2d07c608096fddb77a27c5f126,829c4b17d6b93b55,,,,,,,,,,,,,,,,
bc670040-bfa0-4d42-8b68-e44912f7fd62,bc670040-bfa0-4d42-8b68-e44912f7fd62,de54ef2d07c608096fddb77a27c5f126,765f9829175a4f03,,,,,,,,,,,,,,,,
9453d365-cbb8-446e-94c2-3d468a0ccfd8,9453d365-cbb8-446e-94c2-3d468a0ccfd8,de54ef2d07c608096fddb77a27c5f126,b127575602b8b44c,,,,,,,,,,,,,,,,
d2c6eb5d-1f49-4505-b9aa-82eaaed464e0,d2c6eb5d-1f49-4505-b9aa-82eaaed464e0,de54ef2d07c608096fddb77a27c5f126,a91a31cfb12e482c,,,,,,,,,,,,,,,,
5fbacb42-35a0-43e2-8912-4754cbd84528,5fbacb42-35a0-43e2-8912-4754cbd84528,de54ef2d07c608096fddb77a27c5f126,65589473d7594631,,,,,,,,,,,,,,,,
c8417c49-64de-4e86-9ff9-8d51261bdba9,c8417c49-64de-4e86-9ff9-8d51261bdba9,de54ef2d07c608096fddb77a27c5f126,5ba9aff1c2c2def2,,,,,,,,,,,,,,,,
eb3c5b7a-b2a2-4791-b492-28b06d5870c5,eb3c5b7a-b2a2-4791-b492-28b06d5870c5,de54ef2d07c608096fddb77a27c5f126,ea834fec04f83ec2,,,,,,,,,,,,,,,,
90794d73-bfa8-4afe-b352-a2be0ec2065d,90794d73-bfa8-4afe-b352-a2be0ec2065d,de54ef2d07c608096fddb77a27c5f126,1b8c0873c178c3ea,,,,,,,,,,,,,,,,
4c1220cd-edc1-4cee-a5dc-44f876389a2c,4c1220cd-edc1-4cee-a5dc-44f876389a2c,de54ef2d07c608096fddb77a27c5f126,a1f6482cdabb689c,,,,,,,,,,,,,,,,
6b07511c-cbf8-408c-9090-bf487814d562,6b07511c-cbf8-408c-9090-bf487814d562,de54ef2d07c608096fddb77a27c5f126,5e1eb614bbb40f8f,,,,,,,,,,,,,,,,
3bc596ca-1ffc-4cb7-9c26-6ab3afb8256b,3bc596ca-1ffc-4cb7-9c26-6ab3afb8256b,de54ef2d07c608096fddb77a27c5f126,74f0f2a713b6de55,,,,,,,,,,,,,,,,
55fc76db-6557-4711-9032-293886633830,55fc76db-6557-4711-9032-293886633830,de54ef2d07c608096fddb77a27c5f126,7e1868515e006572,,,,,,,,,,,,,,,,
1db3b68b-ea00-42ad-b496-d77acd7cab90,1db3b68b-ea00-42ad-b496-d77acd7cab90,de54ef2d07c608096fddb77a27c5f126,4c203f29b3558950,,,,,,,,,,,,,,,,
6b786b65-206d-44bd-b1b5-df49ebbb1bea,6b786b65-206d-44bd-b1b5-df49ebbb1bea,de54ef2d07c608096fddb77a27c5f126,2628e01415628d77,,,,,,,,,,,,,,,,
0d507044-468b-4a84-b4b7-306f093f9d88,0d507044-468b-4a84-b4b7-306f093f9d88,de54ef2d07c608096fddb77a27c5f126,68fc0f6c400ef508,,,,,,,,,,,,,,,,
0fbec5e1-f57d-4cc3-a184-adb97949b2a0,0fbec5e1-f57d-4cc3-a184-adb97949b2a0,de54ef2d07c608096fddb77a27c5f126,51e3b7485fc38dc3,,,,,,,,,,,,,,,,
c7d6ee96-86b1-4336-b390-64a9a7bba3fe,c7d6ee96-86b1-4336-b390-64a9a7bba3fe,de54ef2d07c608096fddb77a27c5f126,5730522d8db0663b,,,,,,,,,,,,,,,,
3b3dfd02-4940-4125-b4de-c42f94626872,3b3dfd02-4940-4125-b4de-c42f94626872,de54ef2d07c608096fddb77a27c5f126,2a0887eef4b39d88,,,,,,,,,,,,,,,,
eb7f826d-b8da-4bb0-baa0-a73c2bfe630f,eb7f826d-b8da-4bb0-baa0-a73c2bfe630f,de54ef2d07c608096fddb77a27c5f126,23a9823b3a54eda9,,,,,,,,,,,,,,,,
9d87b542-bb14-4087-ad53-4ab0238b0fef,9d87b542-bb14-4087-ad53-4ab0238b0fef,de54ef2d07c608096fddb77a27c5f126,6e8100729d8f617a,,,,,,,,,,,,,,,,
ae5bfedb-cfd3-4106-b50e-14abb5205929,ae5bfedb-cfd3-4106-b50e-14abb5205929,de54ef2d07c608096fddb77a27c5f126,37d197c1712ce9fe,,,,,,,,,,,,,,,,
f13a47e1-8490-419c-b117-291691b07175,f13a47e1-8490-419c-b117-291691b07175,de54ef2d07c608096fddb77a27c5f126,c0a6e3abc330975f,,,,,,,,,,,,,,,,
01baaf0a-f83f-4af3-9b39-e66538844e66,01baaf0a-f83f-4af3-9b39-e66538844e66,de54ef2d07c608096fddb77a27c5f126,7db80cdcc34e24b7,,,,,,,,,,,,,,,,
97884662-b0e8-4870-ae53-492aa8829fbf,97884662-b0e8-4870-ae53-492aa8829fbf,de54ef2d07c608096fddb77a27c5f126,dc0bceb7ebbf32df,,,,,,,,,,,,,,,,
69b52c4a-5bf5-4045-a97e-85c47e583e36,69b52c4a-5bf5-4045-a97e-85c47e583e36,de54ef2d07c608096fddb77a27c5f126,7992c14ad807602a,,,,,,,,,,,,,,,,
dfb7c6c7-121f-4ec5-b1fe-b7e880c7c6cf,dfb7c6c7-121f-4ec5-b1fe-b7e880c7c6cf,de54ef2d07c608096fddb77a27c5f126,c652b8a16f7c68f0,,,,,,,,,,,,,,,,
264e11ac-97c8-468c-a6e0-7e74a8c94b5b,264e11ac-97c8-468c-a6e0-7e74a8c94b5b,de54ef2d07c608096fddb77a27c5f126,15875074967bc6fc,,,,,,,,,,,,,,,,
29acefc8-ce05-4369-81ea-f9e998d1fa02,29acefc8-ce05-4369-81ea-f9e998d1fa02,de54ef2d07c608096fddb77a27c5f126,b98d98670c17766a,,,,,,,,,,,,,,,,
100e3013-2882-45ae-a7fa-b826e51ba65e,100e3013-2882-45ae-a7fa-b826e51ba65e,de54ef2d07c608096fddb77a27c5f126,ebaa281db502394a,,,,,,,,,,,,,,,,
9f2ec079-7d0f-4fe2-90ab-8b09a8302aba,9f2ec079-7d0f-4fe2-90ab-8b09a8302aba,de54ef2d07c608096fddb77a27c5f126,57d3031d6fc4a34d,,,,,,2016/8/16 9:14,2016/8/16 10:35,,,98,,,,,,
